trainSize,testSize,dimention,selRatio,model,measure,value,method,dataset,noise,train_seed
1097,275,4,1,DT,acc,0.985454545,noselect,BankNote_Authentication,na,1
1097,275,4,1,DT,acc,0.978181818,noselect,BankNote_Authentication,na,2
1097,275,4,1,DT,acc,0.978181818,noselect,BankNote_Authentication,na,3
1097,275,4,1,DT,acc,0.996363636,noselect,BankNote_Authentication,na,4
1097,275,4,1,DT,acc,0.963636364,noselect,BankNote_Authentication,na,5
4240,1060,2,1,DT,acc,0.89245283,noselect,banana,na,1
4240,1060,2,1,DT,acc,0.894339623,noselect,banana,na,2
4240,1060,2,1,DT,acc,0.879245283,noselect,banana,na,3
4240,1060,2,1,DT,acc,0.883018868,noselect,banana,na,4
4240,1060,2,1,DT,acc,0.893396226,noselect,banana,na,5
6243,1561,25,1,DT,acc,0.843049327,noselect,colleges,na,1
6243,1561,25,1,DT,acc,0.839846252,noselect,colleges,na,2
6243,1561,25,1,DT,acc,0.830877643,noselect,colleges,na,3
6243,1561,25,1,DT,acc,0.836002562,noselect,colleges,na,4
6243,1561,25,1,DT,acc,0.830877643,noselect,colleges,na,5
11984,2996,14,1,DT,acc,0.825100134,noselect,eegEyeState,na,1
11984,2996,14,1,DT,acc,0.837116155,noselect,eegEyeState,na,2
11984,2996,14,1,DT,acc,0.826769025,noselect,eegEyeState,na,3
11984,2996,14,1,DT,acc,0.839786382,noselect,eegEyeState,na,4
11984,2996,14,1,DT,acc,0.845126836,noselect,eegEyeState,na,5
7382,1846,7,1,DT,acc,0.964788732,noselect,employee_salaries,na,1
7382,1846,7,1,DT,acc,0.983206934,noselect,employee_salaries,na,2
7382,1846,7,1,DT,acc,0.97020585,noselect,employee_salaries,na,3
7382,1846,7,1,DT,acc,0.985373781,noselect,employee_salaries,na,4
7382,1846,7,1,DT,acc,0.978873239,noselect,employee_salaries,na,5
6499,1625,18,1,DT,acc,1,noselect,mushroom,na,2
6499,1625,18,1,DT,acc,1,noselect,mushroom,na,3
6499,1625,18,1,DT,acc,1,noselect,mushroom,na,4
6499,1625,18,1,DT,acc,1,noselect,mushroom,na,5
5920,1480,20,1,DT,acc,0.863513514,noselect,ringnorm,na,1
5920,1480,20,1,DT,acc,0.879054054,noselect,ringnorm,na,2
5920,1480,20,1,DT,acc,0.875,noselect,ringnorm,na,3
5920,1480,20,1,DT,acc,0.885135135,noselect,ringnorm,na,4
5920,1480,20,1,DT,acc,0.880405405,noselect,ringnorm,na,5
5920,1480,20,1,DT,acc,0.837162162,noselect,twonorm,na,1
5920,1480,20,1,DT,acc,0.85472973,noselect,twonorm,na,2
5920,1480,20,1,DT,acc,0.833108108,noselect,twonorm,na,3
5920,1480,20,1,DT,acc,0.861486486,noselect,twonorm,na,4
5920,1480,20,1,DT,acc,0.842567568,noselect,twonorm,na,5
12800,3200,8,1,DT,acc,0.851875,noselect,url_spam,na,1
12800,3200,8,1,DT,acc,0.8684375,noselect,url_spam,na,2
12800,3200,8,1,DT,acc,0.86875,noselect,url_spam,na,3
12800,3200,8,1,DT,acc,0.8659375,noselect,url_spam,na,4
12800,3200,8,1,DT,acc,0.860625,noselect,url_spam,na,5
1097,275,4,1,DT,auc,0.986208572,noselect,BankNote_Authentication,na,1
1097,275,4,1,DT,auc,0.978438228,noselect,BankNote_Authentication,na,2
1097,275,4,1,DT,auc,0.978749444,noselect,BankNote_Authentication,na,3
1097,275,4,1,DT,auc,0.996835443,noselect,BankNote_Authentication,na,4
1097,275,4,1,DT,auc,0.962864439,noselect,BankNote_Authentication,na,5
4240,1060,2,1,DT,auc,0.937494632,noselect,banana,na,1
4240,1060,2,1,DT,auc,0.94720613,noselect,banana,na,2
4240,1060,2,1,DT,auc,0.947802019,noselect,banana,na,3
4240,1060,2,1,DT,auc,0.953344229,noselect,banana,na,4
4240,1060,2,1,DT,auc,0.953684573,noselect,banana,na,5
6243,1561,25,1,DT,auc,0.875727069,noselect,colleges,na,1
6243,1561,25,1,DT,auc,0.843976723,noselect,colleges,na,2
6243,1561,25,1,DT,auc,0.830132063,noselect,colleges,na,3
6243,1561,25,1,DT,auc,0.850720684,noselect,colleges,na,4
6243,1561,25,1,DT,auc,0.812243942,noselect,colleges,na,5
11984,2996,14,1,DT,auc,0.839152444,noselect,eegEyeState,na,1
11984,2996,14,1,DT,auc,0.86468791,noselect,eegEyeState,na,2
11984,2996,14,1,DT,auc,0.840101401,noselect,eegEyeState,na,3
11984,2996,14,1,DT,auc,0.851636703,noselect,eegEyeState,na,4
11984,2996,14,1,DT,auc,0.859711703,noselect,eegEyeState,na,5
7382,1846,7,1,DT,auc,0.925101943,noselect,employee_salaries,na,1
7382,1846,7,1,DT,auc,0.986064789,noselect,employee_salaries,na,2
7382,1846,7,1,DT,auc,0.991989802,noselect,employee_salaries,na,3
7382,1846,7,1,DT,auc,0.981356904,noselect,employee_salaries,na,4
7382,1846,7,1,DT,auc,0.98383695,noselect,employee_salaries,na,5
6499,1625,18,1,DT,auc,1,noselect,mushroom,na,2
6499,1625,18,1,DT,auc,1,noselect,mushroom,na,3
6499,1625,18,1,DT,auc,1,noselect,mushroom,na,4
6499,1625,18,1,DT,auc,1,noselect,mushroom,na,5
5920,1480,20,1,DT,auc,0.878849975,noselect,ringnorm,na,1
5920,1480,20,1,DT,auc,0.89482508,noselect,ringnorm,na,2
5920,1480,20,1,DT,auc,0.897222237,noselect,ringnorm,na,3
5920,1480,20,1,DT,auc,0.892723371,noselect,ringnorm,na,4
5920,1480,20,1,DT,auc,0.906995955,noselect,ringnorm,na,5
5920,1480,20,1,DT,auc,0.795307217,noselect,twonorm,na,1
5920,1480,20,1,DT,auc,0.837596606,noselect,twonorm,na,2
5920,1480,20,1,DT,auc,0.819328991,noselect,twonorm,na,3
5920,1480,20,1,DT,auc,0.839547836,noselect,twonorm,na,4
5920,1480,20,1,DT,auc,0.80495928,noselect,twonorm,na,5
12800,3200,8,1,DT,auc,0.908155291,noselect,url_spam,na,1
12800,3200,8,1,DT,auc,0.922204105,noselect,url_spam,na,2
12800,3200,8,1,DT,auc,0.91978237,noselect,url_spam,na,3
12800,3200,8,1,DT,auc,0.918534533,noselect,url_spam,na,4
12800,3200,8,1,DT,auc,0.917599515,noselect,url_spam,na,5
1097,275,4,1,DT,f1,0.983193277,noselect,BankNote_Authentication,na,1
1097,275,4,1,DT,f1,0.977443609,noselect,BankNote_Authentication,na,2
1097,275,4,1,DT,f1,0.972222222,noselect,BankNote_Authentication,na,3
1097,275,4,1,DT,f1,0.995744681,noselect,BankNote_Authentication,na,4
1097,275,4,1,DT,f1,0.96031746,noselect,BankNote_Authentication,na,5
4240,1060,2,1,DT,f1,0.880252101,noselect,banana,na,1
4240,1060,2,1,DT,f1,0.881606765,noselect,banana,na,2
4240,1060,2,1,DT,f1,0.858093126,noselect,banana,na,3
4240,1060,2,1,DT,f1,0.86637931,noselect,banana,na,4
4240,1060,2,1,DT,f1,0.880169671,noselect,banana,na,5
6243,1561,25,1,DT,f1,0.74663909,noselect,colleges,na,1
6243,1561,25,1,DT,f1,0.728850325,noselect,colleges,na,2
6243,1561,25,1,DT,f1,0.711159737,noselect,colleges,na,3
6243,1561,25,1,DT,f1,0.707093822,noselect,colleges,na,4
6243,1561,25,1,DT,f1,0.730612245,noselect,colleges,na,5
11984,2996,14,1,DT,f1,0.841882921,noselect,eegEyeState,na,1
11984,2996,14,1,DT,f1,0.853629274,noselect,eegEyeState,na,2
11984,2996,14,1,DT,f1,0.844935763,noselect,eegEyeState,na,3
11984,2996,14,1,DT,f1,0.854545455,noselect,eegEyeState,na,4
11984,2996,14,1,DT,f1,0.860744298,noselect,eegEyeState,na,5
7382,1846,7,1,DT,f1,0.897637795,noselect,employee_salaries,na,1
7382,1846,7,1,DT,f1,0.94772344,noselect,employee_salaries,na,2
7382,1846,7,1,DT,f1,0.908180301,noselect,employee_salaries,na,3
7382,1846,7,1,DT,f1,0.951871658,noselect,employee_salaries,na,4
7382,1846,7,1,DT,f1,0.9376,noselect,employee_salaries,na,5
6499,1625,18,1,DT,f1,1,noselect,mushroom,na,2
6499,1625,18,1,DT,f1,1,noselect,mushroom,na,3
6499,1625,18,1,DT,f1,1,noselect,mushroom,na,4
6499,1625,18,1,DT,f1,1,noselect,mushroom,na,5
5920,1480,20,1,DT,f1,0.859722222,noselect,ringnorm,na,1
5920,1480,20,1,DT,f1,0.872416251,noselect,ringnorm,na,2
5920,1480,20,1,DT,f1,0.869809993,noselect,ringnorm,na,3
5920,1480,20,1,DT,f1,0.88292011,noselect,ringnorm,na,4
5920,1480,20,1,DT,f1,0.882548109,noselect,ringnorm,na,5
5920,1480,20,1,DT,f1,0.837052062,noselect,twonorm,na,1
5920,1480,20,1,DT,f1,0.857332449,noselect,twonorm,na,2
5920,1480,20,1,DT,f1,0.831168831,noselect,twonorm,na,3
5920,1480,20,1,DT,f1,0.862876254,noselect,twonorm,na,4
5920,1480,20,1,DT,f1,0.838977194,noselect,twonorm,na,5
12800,3200,8,1,DT,f1,0.857743097,noselect,url_spam,na,1
12800,3200,8,1,DT,f1,0.874065211,noselect,url_spam,na,2
12800,3200,8,1,DT,f1,0.874025195,noselect,url_spam,na,3
12800,3200,8,1,DT,f1,0.876190476,noselect,url_spam,na,4
12800,3200,8,1,DT,f1,0.868591632,noselect,url_spam,na,5
1097,275,4,1,DT,time(s),0.31415987,noselect,BankNote_Authentication,na,1
1097,275,4,1,DT,time(s),0.307183504,noselect,BankNote_Authentication,na,2
1097,275,4,1,DT,time(s),0.31216526,noselect,BankNote_Authentication,na,3
1097,275,4,1,DT,time(s),0.314160347,noselect,BankNote_Authentication,na,4
1097,275,4,1,DT,time(s),0.31017065,noselect,BankNote_Authentication,na,5
4240,1060,2,1,DT,time(s),0.686165333,noselect,banana,na,1
4240,1060,2,1,DT,time(s),0.68117857,noselect,banana,na,2
4240,1060,2,1,DT,time(s),0.682176352,noselect,banana,na,3
4240,1060,2,1,DT,time(s),0.682200909,noselect,banana,na,4
4240,1060,2,1,DT,time(s),0.685141563,noselect,banana,na,5
6243,1561,25,1,DT,time(s),6.028875589,noselect,colleges,na,1
6243,1561,25,1,DT,time(s),5.902238131,noselect,colleges,na,2
6243,1561,25,1,DT,time(s),5.828435183,noselect,colleges,na,3
6243,1561,25,1,DT,time(s),5.968037844,noselect,colleges,na,4
6243,1561,25,1,DT,time(s),5.983977795,noselect,colleges,na,5
11984,2996,14,1,DT,time(s),6.54549098,noselect,eegEyeState,na,1
11984,2996,14,1,DT,time(s),6.492632627,noselect,eegEyeState,na,2
11984,2996,14,1,DT,time(s),6.559455872,noselect,eegEyeState,na,3
11984,2996,14,1,DT,time(s),6.492636204,noselect,eegEyeState,na,4
11984,2996,14,1,DT,time(s),6.565447807,noselect,eegEyeState,na,5
7382,1846,7,1,DT,time(s),1.453113556,noselect,employee_salaries,na,1
7382,1846,7,1,DT,time(s),1.419197798,noselect,employee_salaries,na,2
7382,1846,7,1,DT,time(s),1.381304026,noselect,employee_salaries,na,3
7382,1846,7,1,DT,time(s),1.227715731,noselect,employee_salaries,na,4
7382,1846,7,1,DT,time(s),1.354380846,noselect,employee_salaries,na,5
6499,1625,18,1,DT,time(s),0.703115225,noselect,mushroom,na,2
6499,1625,18,1,DT,time(s),0.706111431,noselect,mushroom,na,3
6499,1625,18,1,DT,time(s),0.700134993,noselect,mushroom,na,4
6499,1625,18,1,DT,time(s),0.708108187,noselect,mushroom,na,5
5920,1480,20,1,DT,time(s),7.179783821,noselect,ringnorm,na,1
5920,1480,20,1,DT,time(s),7.183773041,noselect,ringnorm,na,2
5920,1480,20,1,DT,time(s),7.221671581,noselect,ringnorm,na,3
5920,1480,20,1,DT,time(s),7.271506786,noselect,ringnorm,na,4
5920,1480,20,1,DT,time(s),7.186764956,noselect,ringnorm,na,5
5920,1480,20,1,DT,time(s),7.16681838,noselect,twonorm,na,1
5920,1480,20,1,DT,time(s),7.179783821,noselect,twonorm,na,2
5920,1480,20,1,DT,time(s),7.113959789,noselect,twonorm,na,3
5920,1480,20,1,DT,time(s),7.297493696,noselect,twonorm,na,4
5920,1480,20,1,DT,time(s),7.189732075,noselect,twonorm,na,5
12800,3200,8,1,DT,time(s),1.346805096,noselect,url_spam,na,1
12800,3200,8,1,DT,time(s),1.362379074,noselect,url_spam,na,2
12800,3200,8,1,DT,time(s),1.340163708,noselect,url_spam,na,3
12800,3200,8,1,DT,time(s),1.31348443,noselect,url_spam,na,4
12800,3200,8,1,DT,time(s),1.328300476,noselect,url_spam,na,5
1097,275,4,1,GBDT,acc,0.996363636,noselect,BankNote_Authentication,na,1
1097,275,4,1,GBDT,acc,0.989090909,noselect,BankNote_Authentication,na,2
1097,275,4,1,GBDT,acc,0.989090909,noselect,BankNote_Authentication,na,3
1097,275,4,1,GBDT,acc,0.996363636,noselect,BankNote_Authentication,na,4
1097,275,4,1,GBDT,acc,0.985454545,noselect,BankNote_Authentication,na,5
4240,1060,2,1,GBDT,acc,0.88490566,noselect,banana,na,1
4240,1060,2,1,GBDT,acc,0.9,noselect,banana,na,2
4240,1060,2,1,GBDT,acc,0.888679245,noselect,banana,na,3
4240,1060,2,1,GBDT,acc,0.883962264,noselect,banana,na,4
4240,1060,2,1,GBDT,acc,0.883962264,noselect,banana,na,5
6243,1561,25,1,GBDT,acc,0.860345932,noselect,colleges,na,1
6243,1561,25,1,GBDT,acc,0.857142857,noselect,colleges,na,2
6243,1561,25,1,GBDT,acc,0.847533632,noselect,colleges,na,3
6243,1561,25,1,GBDT,acc,0.871236387,noselect,colleges,na,4
6243,1561,25,1,GBDT,acc,0.859705317,noselect,colleges,na,5
11984,2996,14,1,GBDT,acc,0.794726302,noselect,eegEyeState,na,1
11984,2996,14,1,GBDT,acc,0.784379172,noselect,eegEyeState,na,2
11984,2996,14,1,GBDT,acc,0.803738318,noselect,eegEyeState,na,3
11984,2996,14,1,GBDT,acc,0.793724967,noselect,eegEyeState,na,4
11984,2996,14,1,GBDT,acc,0.795727637,noselect,eegEyeState,na,5
7382,1846,7,1,GBDT,acc,0.978873239,noselect,employee_salaries,na,1
7382,1846,7,1,GBDT,acc,0.983206934,noselect,employee_salaries,na,2
7382,1846,7,1,GBDT,acc,0.977789816,noselect,employee_salaries,na,3
7382,1846,7,1,GBDT,acc,0.98212351,noselect,employee_salaries,na,4
7382,1846,7,1,GBDT,acc,0.986457205,noselect,employee_salaries,na,5
6499,1625,18,1,GBDT,acc,0.998769231,noselect,mushroom,na,2
6499,1625,18,1,GBDT,acc,0.999384615,noselect,mushroom,na,3
6499,1625,18,1,GBDT,acc,1,noselect,mushroom,na,4
6499,1625,18,1,GBDT,acc,0.999384615,noselect,mushroom,na,5
5920,1480,20,1,GBDT,acc,0.948648649,noselect,ringnorm,na,1
5920,1480,20,1,GBDT,acc,0.952702703,noselect,ringnorm,na,2
5920,1480,20,1,GBDT,acc,0.953378378,noselect,ringnorm,na,3
5920,1480,20,1,GBDT,acc,0.948648649,noselect,ringnorm,na,4
5920,1480,20,1,GBDT,acc,0.952027027,noselect,ringnorm,na,5
5920,1480,20,1,GBDT,acc,0.958108108,noselect,twonorm,na,1
5920,1480,20,1,GBDT,acc,0.97027027,noselect,twonorm,na,2
5920,1480,20,1,GBDT,acc,0.960810811,noselect,twonorm,na,3
5920,1480,20,1,GBDT,acc,0.966891892,noselect,twonorm,na,4
5920,1480,20,1,GBDT,acc,0.960810811,noselect,twonorm,na,5
12800,3200,8,1,GBDT,acc,0.794375,noselect,url_spam,na,1
12800,3200,8,1,GBDT,acc,0.813125,noselect,url_spam,na,2
12800,3200,8,1,GBDT,acc,0.8121875,noselect,url_spam,na,3
12800,3200,8,1,GBDT,acc,0.8121875,noselect,url_spam,na,4
12800,3200,8,1,GBDT,acc,0.8053125,noselect,url_spam,na,5
1097,275,4,1,GBDT,auc,0.999946022,noselect,BankNote_Authentication,na,1
1097,275,4,1,GBDT,auc,0.999258317,noselect,BankNote_Authentication,na,2
1097,275,4,1,GBDT,auc,0.998831776,noselect,BankNote_Authentication,na,3
1097,275,4,1,GBDT,auc,1,noselect,BankNote_Authentication,na,4
1097,275,4,1,GBDT,auc,0.998829538,noselect,BankNote_Authentication,na,5
4240,1060,2,1,GBDT,auc,0.962910082,noselect,banana,na,1
4240,1060,2,1,GBDT,auc,0.964639273,noselect,banana,na,2
4240,1060,2,1,GBDT,auc,0.964002885,noselect,banana,na,3
4240,1060,2,1,GBDT,auc,0.962690175,noselect,banana,na,4
4240,1060,2,1,GBDT,auc,0.95938612,noselect,banana,na,5
6243,1561,25,1,GBDT,auc,0.911385099,noselect,colleges,na,1
6243,1561,25,1,GBDT,auc,0.912528204,noselect,colleges,na,2
6243,1561,25,1,GBDT,auc,0.906214574,noselect,colleges,na,3
6243,1561,25,1,GBDT,auc,0.928887655,noselect,colleges,na,4
6243,1561,25,1,GBDT,auc,0.926057143,noselect,colleges,na,5
11984,2996,14,1,GBDT,auc,0.875299614,noselect,eegEyeState,na,1
11984,2996,14,1,GBDT,auc,0.867055985,noselect,eegEyeState,na,2
11984,2996,14,1,GBDT,auc,0.877633182,noselect,eegEyeState,na,3
11984,2996,14,1,GBDT,auc,0.880696406,noselect,eegEyeState,na,4
11984,2996,14,1,GBDT,auc,0.877004803,noselect,eegEyeState,na,5
7382,1846,7,1,GBDT,auc,0.994439114,noselect,employee_salaries,na,1
7382,1846,7,1,GBDT,auc,0.998159318,noselect,employee_salaries,na,2
7382,1846,7,1,GBDT,auc,0.996741379,noselect,employee_salaries,na,3
7382,1846,7,1,GBDT,auc,0.995745361,noselect,employee_salaries,na,4
7382,1846,7,1,GBDT,auc,0.997643952,noselect,employee_salaries,na,5
6499,1625,18,1,GBDT,auc,0.99998936,noselect,mushroom,na,2
6499,1625,18,1,GBDT,auc,1,noselect,mushroom,na,3
6499,1625,18,1,GBDT,auc,1,noselect,mushroom,na,4
6499,1625,18,1,GBDT,auc,1,noselect,mushroom,na,5
5920,1480,20,1,GBDT,auc,0.991344861,noselect,ringnorm,na,1
5920,1480,20,1,GBDT,auc,0.990329898,noselect,ringnorm,na,2
5920,1480,20,1,GBDT,auc,0.991340164,noselect,ringnorm,na,3
5920,1480,20,1,GBDT,auc,0.991553668,noselect,ringnorm,na,4
5920,1480,20,1,GBDT,auc,0.992749822,noselect,ringnorm,na,5
5920,1480,20,1,GBDT,auc,0.994723085,noselect,twonorm,na,1
5920,1480,20,1,GBDT,auc,0.995235434,noselect,twonorm,na,2
5920,1480,20,1,GBDT,auc,0.994993749,noselect,twonorm,na,3
5920,1480,20,1,GBDT,auc,0.994397723,noselect,twonorm,na,4
5920,1480,20,1,GBDT,auc,0.994422111,noselect,twonorm,na,5
12800,3200,8,1,GBDT,auc,0.871274281,noselect,url_spam,na,1
12800,3200,8,1,GBDT,auc,0.887804507,noselect,url_spam,na,2
12800,3200,8,1,GBDT,auc,0.884386367,noselect,url_spam,na,3
12800,3200,8,1,GBDT,auc,0.88438314,noselect,url_spam,na,4
12800,3200,8,1,GBDT,auc,0.879247818,noselect,url_spam,na,5
1097,275,4,1,GBDT,f1,0.995780591,noselect,BankNote_Authentication,na,1
1097,275,4,1,GBDT,f1,0.988764045,noselect,BankNote_Authentication,na,2
1097,275,4,1,GBDT,f1,0.986175115,noselect,BankNote_Authentication,na,3
1097,275,4,1,GBDT,f1,0.995744681,noselect,BankNote_Authentication,na,4
1097,275,4,1,GBDT,f1,0.984126984,noselect,BankNote_Authentication,na,5
4240,1060,2,1,GBDT,f1,0.868534483,noselect,banana,na,1
4240,1060,2,1,GBDT,f1,0.884279476,noselect,banana,na,2
4240,1060,2,1,GBDT,f1,0.868303571,noselect,banana,na,3
4240,1060,2,1,GBDT,f1,0.865866957,noselect,banana,na,4
4240,1060,2,1,GBDT,f1,0.867313916,noselect,banana,na,5
6243,1561,25,1,GBDT,f1,0.764069264,noselect,colleges,na,1
6243,1561,25,1,GBDT,f1,0.751946607,noselect,colleges,na,2
6243,1561,25,1,GBDT,f1,0.727688787,noselect,colleges,na,3
6243,1561,25,1,GBDT,f1,0.759281437,noselect,colleges,na,4
6243,1561,25,1,GBDT,f1,0.769716088,noselect,colleges,na,5
11984,2996,14,1,GBDT,f1,0.824836229,noselect,eegEyeState,na,1
11984,2996,14,1,GBDT,f1,0.81447444,noselect,eegEyeState,na,2
11984,2996,14,1,GBDT,f1,0.833898305,noselect,eegEyeState,na,3
11984,2996,14,1,GBDT,f1,0.822821101,noselect,eegEyeState,na,4
11984,2996,14,1,GBDT,f1,0.826136364,noselect,eegEyeState,na,5
7382,1846,7,1,GBDT,f1,0.940819423,noselect,employee_salaries,na,1
7382,1846,7,1,GBDT,f1,0.94789916,noselect,employee_salaries,na,2
7382,1846,7,1,GBDT,f1,0.932006633,noselect,employee_salaries,na,3
7382,1846,7,1,GBDT,f1,0.940108893,noselect,employee_salaries,na,4
7382,1846,7,1,GBDT,f1,0.960254372,noselect,employee_salaries,na,5
6499,1625,18,1,GBDT,f1,0.99883856,noselect,mushroom,na,2
6499,1625,18,1,GBDT,f1,0.999402985,noselect,mushroom,na,3
6499,1625,18,1,GBDT,f1,1,noselect,mushroom,na,4
6499,1625,18,1,GBDT,f1,0.99939577,noselect,mushroom,na,5
5920,1480,20,1,GBDT,f1,0.947586207,noselect,ringnorm,na,1
5920,1480,20,1,GBDT,f1,0.950842697,noselect,ringnorm,na,2
5920,1480,20,1,GBDT,f1,0.950749465,noselect,ringnorm,na,3
5920,1480,20,1,GBDT,f1,0.946704067,noselect,ringnorm,na,4
5920,1480,20,1,GBDT,f1,0.951733515,noselect,ringnorm,na,5
5920,1480,20,1,GBDT,f1,0.957708049,noselect,twonorm,na,1
5920,1480,20,1,GBDT,f1,0.970509383,noselect,twonorm,na,2
5920,1480,20,1,GBDT,f1,0.960055096,noselect,twonorm,na,3
5920,1480,20,1,GBDT,f1,0.967311541,noselect,twonorm,na,4
5920,1480,20,1,GBDT,f1,0.960382514,noselect,twonorm,na,5
12800,3200,8,1,GBDT,f1,0.804399524,noselect,url_spam,na,1
12800,3200,8,1,GBDT,f1,0.821705426,noselect,url_spam,na,2
12800,3200,8,1,GBDT,f1,0.819356778,noselect,url_spam,na,3
12800,3200,8,1,GBDT,f1,0.821925926,noselect,url_spam,na,4
12800,3200,8,1,GBDT,f1,0.81573499,noselect,url_spam,na,5
1097,275,4,1,GBDT,time(s),2.340742826,noselect,BankNote_Authentication,na,1
1097,275,4,1,GBDT,time(s),2.335754633,noselect,BankNote_Authentication,na,2
1097,275,4,1,GBDT,time(s),2.341740608,noselect,BankNote_Authentication,na,3
1097,275,4,1,GBDT,time(s),2.289878368,noselect,BankNote_Authentication,na,4
1097,275,4,1,GBDT,time(s),2.278906584,noselect,BankNote_Authentication,na,5
4240,1060,2,1,GBDT,time(s),4.252655506,noselect,banana,na,1
4240,1060,2,1,GBDT,time(s),4.259612083,noselect,banana,na,2
4240,1060,2,1,GBDT,time(s),4.231686354,noselect,banana,na,3
4240,1060,2,1,GBDT,time(s),4.216727018,noselect,banana,na,4
4240,1060,2,1,GBDT,time(s),4.268587351,noselect,banana,na,5
6243,1561,25,1,GBDT,time(s),33.12442946,noselect,colleges,na,1
6243,1561,25,1,GBDT,time(s),33.26307011,noselect,colleges,na,2
6243,1561,25,1,GBDT,time(s),33.02968144,noselect,colleges,na,3
6243,1561,25,1,GBDT,time(s),33.34184623,noselect,colleges,na,4
6243,1561,25,1,GBDT,time(s),33.23111939,noselect,colleges,na,5
11984,2996,14,1,GBDT,time(s),33.09749722,noselect,eegEyeState,na,1
11984,2996,14,1,GBDT,time(s),33.07755041,noselect,eegEyeState,na,2
11984,2996,14,1,GBDT,time(s),33.21118808,noselect,eegEyeState,na,3
11984,2996,14,1,GBDT,time(s),32.88307524,noselect,eegEyeState,na,4
11984,2996,14,1,GBDT,time(s),33.21119428,noselect,eegEyeState,na,5
7382,1846,7,1,GBDT,time(s),11.21303654,noselect,employee_salaries,na,1
7382,1846,7,1,GBDT,time(s),11.23298216,noselect,employee_salaries,na,2
7382,1846,7,1,GBDT,time(s),11.23397994,noselect,employee_salaries,na,3
7382,1846,7,1,GBDT,time(s),11.2050643,noselect,employee_salaries,na,4
7382,1846,7,1,GBDT,time(s),11.24994493,noselect,employee_salaries,na,5
6499,1625,18,1,GBDT,time(s),6.325110197,noselect,mushroom,na,2
6499,1625,18,1,GBDT,time(s),6.358021736,noselect,mushroom,na,3
6499,1625,18,1,GBDT,time(s),6.463749409,noselect,mushroom,na,4
6499,1625,18,1,GBDT,time(s),6.410878658,noselect,mushroom,na,5
5920,1480,20,1,GBDT,time(s),39.98498464,noselect,ringnorm,na,1
5920,1480,20,1,GBDT,time(s),39.86929393,noselect,ringnorm,na,2
5920,1480,20,1,GBDT,time(s),40.11067271,noselect,ringnorm,na,3
5920,1480,20,1,GBDT,time(s),39.87128925,noselect,ringnorm,na,4
5920,1480,20,1,GBDT,time(s),40.35798502,noselect,ringnorm,na,5
5920,1480,20,1,GBDT,time(s),41.19674182,noselect,twonorm,na,1
5920,1480,20,1,GBDT,time(s),41.17978716,noselect,twonorm,na,2
5920,1480,20,1,GBDT,time(s),41.19375014,noselect,twonorm,na,3
5920,1480,20,1,GBDT,time(s),41.09800601,noselect,twonorm,na,4
5920,1480,20,1,GBDT,time(s),41.30145979,noselect,twonorm,na,5
12800,3200,8,1,GBDT,time(s),8.549016237,noselect,url_spam,na,1
12800,3200,8,1,GBDT,time(s),8.595801353,noselect,url_spam,na,2
12800,3200,8,1,GBDT,time(s),8.614868402,noselect,url_spam,na,3
12800,3200,8,1,GBDT,time(s),8.596065283,noselect,url_spam,na,4
12800,3200,8,1,GBDT,time(s),8.681827068,noselect,url_spam,na,5
1097,275,4,1,NeuralNet,acc,1,noselect,BankNote_Authentication,na,1
1097,275,4,1,NeuralNet,acc,1,noselect,BankNote_Authentication,na,2
1097,275,4,1,NeuralNet,acc,1,noselect,BankNote_Authentication,na,3
1097,275,4,1,NeuralNet,acc,1,noselect,BankNote_Authentication,na,4
1097,275,4,1,NeuralNet,acc,1,noselect,BankNote_Authentication,na,5
4240,1060,2,1,NeuralNet,acc,0.902830189,noselect,banana,na,1
4240,1060,2,1,NeuralNet,acc,0.909433962,noselect,banana,na,2
4240,1060,2,1,NeuralNet,acc,0.905660377,noselect,banana,na,3
4240,1060,2,1,NeuralNet,acc,0.899056604,noselect,banana,na,4
4240,1060,2,1,NeuralNet,acc,0.888679245,noselect,banana,na,5
6243,1561,25,1,NeuralNet,acc,0.856502242,noselect,colleges,na,1
6243,1561,25,1,NeuralNet,acc,0.865470852,noselect,colleges,na,2
6243,1561,25,1,NeuralNet,acc,0.858424087,noselect,colleges,na,3
6243,1561,25,1,NeuralNet,acc,0.882767457,noselect,colleges,na,4
6243,1561,25,1,NeuralNet,acc,0.871236387,noselect,colleges,na,5
11984,2996,14,1,NeuralNet,acc,0.945594126,noselect,eegEyeState,na,1
11984,2996,14,1,NeuralNet,acc,0.883511348,noselect,eegEyeState,na,2
11984,2996,14,1,NeuralNet,acc,0.893858478,noselect,eegEyeState,na,3
11984,2996,14,1,NeuralNet,acc,0.946261682,noselect,eegEyeState,na,4
11984,2996,14,1,NeuralNet,acc,0.886181575,noselect,eegEyeState,na,5
7382,1846,7,1,NeuralNet,acc,0.971830986,noselect,employee_salaries,na,1
7382,1846,7,1,NeuralNet,acc,0.984290358,noselect,employee_salaries,na,2
7382,1846,7,1,NeuralNet,acc,0.980498375,noselect,employee_salaries,na,3
7382,1846,7,1,NeuralNet,acc,0.980498375,noselect,employee_salaries,na,4
7382,1846,7,1,NeuralNet,acc,0.979414951,noselect,employee_salaries,na,5
6499,1625,18,1,NeuralNet,acc,1,noselect,mushroom,na,2
6499,1625,18,1,NeuralNet,acc,1,noselect,mushroom,na,3
6499,1625,18,1,NeuralNet,acc,1,noselect,mushroom,na,4
6499,1625,18,1,NeuralNet,acc,1,noselect,mushroom,na,5
5920,1480,20,1,NeuralNet,acc,0.968918919,noselect,ringnorm,na,1
5920,1480,20,1,NeuralNet,acc,0.962162162,noselect,ringnorm,na,2
5920,1480,20,1,NeuralNet,acc,0.969594595,noselect,ringnorm,na,3
5920,1480,20,1,NeuralNet,acc,0.964864865,noselect,ringnorm,na,4
5920,1480,20,1,NeuralNet,acc,0.97027027,noselect,ringnorm,na,5
5920,1480,20,1,NeuralNet,acc,0.97972973,noselect,twonorm,na,1
5920,1480,20,1,NeuralNet,acc,0.975675676,noselect,twonorm,na,2
5920,1480,20,1,NeuralNet,acc,0.977027027,noselect,twonorm,na,3
5920,1480,20,1,NeuralNet,acc,0.980405405,noselect,twonorm,na,4
5920,1480,20,1,NeuralNet,acc,0.977702703,noselect,twonorm,na,5
12800,3200,8,1,NeuralNet,acc,0.84125,noselect,url_spam,na,1
12800,3200,8,1,NeuralNet,acc,0.845,noselect,url_spam,na,2
12800,3200,8,1,NeuralNet,acc,0.854375,noselect,url_spam,na,3
12800,3200,8,1,NeuralNet,acc,0.85625,noselect,url_spam,na,4
12800,3200,8,1,NeuralNet,acc,0.8509375,noselect,url_spam,na,5
1097,275,4,1,NeuralNet,auc,1,noselect,BankNote_Authentication,na,1
1097,275,4,1,NeuralNet,auc,1,noselect,BankNote_Authentication,na,2
1097,275,4,1,NeuralNet,auc,1,noselect,BankNote_Authentication,na,3
1097,275,4,1,NeuralNet,auc,1,noselect,BankNote_Authentication,na,4
1097,275,4,1,NeuralNet,auc,1,noselect,BankNote_Authentication,na,5
4240,1060,2,1,NeuralNet,auc,0.967461783,noselect,banana,na,1
4240,1060,2,1,NeuralNet,auc,0.973949175,noselect,banana,na,2
4240,1060,2,1,NeuralNet,auc,0.97520375,noselect,banana,na,3
4240,1060,2,1,NeuralNet,auc,0.970329643,noselect,banana,na,4
4240,1060,2,1,NeuralNet,auc,0.966429207,noselect,banana,na,5
6243,1561,25,1,NeuralNet,auc,0.919072852,noselect,colleges,na,1
6243,1561,25,1,NeuralNet,auc,0.920087213,noselect,colleges,na,2
6243,1561,25,1,NeuralNet,auc,0.923588305,noselect,colleges,na,3
6243,1561,25,1,NeuralNet,auc,0.928894619,noselect,colleges,na,4
6243,1561,25,1,NeuralNet,auc,0.93011627,noselect,colleges,na,5
11984,2996,14,1,NeuralNet,auc,0.989263721,noselect,eegEyeState,na,1
11984,2996,14,1,NeuralNet,auc,0.956299207,noselect,eegEyeState,na,2
11984,2996,14,1,NeuralNet,auc,0.962644762,noselect,eegEyeState,na,3
11984,2996,14,1,NeuralNet,auc,0.988648944,noselect,eegEyeState,na,4
11984,2996,14,1,NeuralNet,auc,0.961389188,noselect,eegEyeState,na,5
7382,1846,7,1,NeuralNet,auc,0.994559047,noselect,employee_salaries,na,1
7382,1846,7,1,NeuralNet,auc,0.997185219,noselect,employee_salaries,na,2
7382,1846,7,1,NeuralNet,auc,0.99746112,noselect,employee_salaries,na,3
7382,1846,7,1,NeuralNet,auc,0.996487911,noselect,employee_salaries,na,4
7382,1846,7,1,NeuralNet,auc,0.997324047,noselect,employee_salaries,na,5
6499,1625,18,1,NeuralNet,auc,1,noselect,mushroom,na,2
6499,1625,18,1,NeuralNet,auc,1,noselect,mushroom,na,3
6499,1625,18,1,NeuralNet,auc,1,noselect,mushroom,na,4
6499,1625,18,1,NeuralNet,auc,1,noselect,mushroom,na,5
5920,1480,20,1,NeuralNet,auc,0.994685281,noselect,ringnorm,na,1
5920,1480,20,1,NeuralNet,auc,0.994764082,noselect,ringnorm,na,2
5920,1480,20,1,NeuralNet,auc,0.996051086,noselect,ringnorm,na,3
5920,1480,20,1,NeuralNet,auc,0.993832808,noselect,ringnorm,na,4
5920,1480,20,1,NeuralNet,auc,0.996838213,noselect,ringnorm,na,5
5920,1480,20,1,NeuralNet,auc,0.998251988,noselect,twonorm,na,1
5920,1480,20,1,NeuralNet,auc,0.99790717,noselect,twonorm,na,2
5920,1480,20,1,NeuralNet,auc,0.99792183,noselect,twonorm,na,3
5920,1480,20,1,NeuralNet,auc,0.997897548,noselect,twonorm,na,4
5920,1480,20,1,NeuralNet,auc,0.998005549,noselect,twonorm,na,5
12800,3200,8,1,NeuralNet,auc,0.910847073,noselect,url_spam,na,1
12800,3200,8,1,NeuralNet,auc,0.915332274,noselect,url_spam,na,2
12800,3200,8,1,NeuralNet,auc,0.921802147,noselect,url_spam,na,3
12800,3200,8,1,NeuralNet,auc,0.916202411,noselect,url_spam,na,4
12800,3200,8,1,NeuralNet,auc,0.916111814,noselect,url_spam,na,5
1097,275,4,1,NeuralNet,f1,1,noselect,BankNote_Authentication,na,1
1097,275,4,1,NeuralNet,f1,1,noselect,BankNote_Authentication,na,2
1097,275,4,1,NeuralNet,f1,1,noselect,BankNote_Authentication,na,3
1097,275,4,1,NeuralNet,f1,1,noselect,BankNote_Authentication,na,4
1097,275,4,1,NeuralNet,f1,1,noselect,BankNote_Authentication,na,5
4240,1060,2,1,NeuralNet,f1,0.890774125,noselect,banana,na,1
4240,1060,2,1,NeuralNet,f1,0.896995708,noselect,banana,na,2
4240,1060,2,1,NeuralNet,f1,0.89010989,noselect,banana,na,3
4240,1060,2,1,NeuralNet,f1,0.882028666,noselect,banana,na,4
4240,1060,2,1,NeuralNet,f1,0.874734607,noselect,banana,na,5
6243,1561,25,1,NeuralNet,f1,0.774647887,noselect,colleges,na,1
6243,1561,25,1,NeuralNet,f1,0.774678112,noselect,colleges,na,2
6243,1561,25,1,NeuralNet,f1,0.76056338,noselect,colleges,na,3
6243,1561,25,1,NeuralNet,f1,0.795530726,noselect,colleges,na,4
6243,1561,25,1,NeuralNet,f1,0.799200799,noselect,colleges,na,5
11984,2996,14,1,NeuralNet,f1,0.950977444,noselect,eegEyeState,na,1
11984,2996,14,1,NeuralNet,f1,0.894593778,noselect,eegEyeState,na,2
11984,2996,14,1,NeuralNet,f1,0.905469679,noselect,eegEyeState,na,3
11984,2996,14,1,NeuralNet,f1,0.950749465,noselect,eegEyeState,na,4
11984,2996,14,1,NeuralNet,f1,0.898178561,noselect,eegEyeState,na,5
7382,1846,7,1,NeuralNet,f1,0.920489297,noselect,employee_salaries,na,1
7382,1846,7,1,NeuralNet,f1,0.951260504,noselect,employee_salaries,na,2
7382,1846,7,1,NeuralNet,f1,0.940789474,noselect,employee_salaries,na,3
7382,1846,7,1,NeuralNet,f1,0.935251799,noselect,employee_salaries,na,4
7382,1846,7,1,NeuralNet,f1,0.939490446,noselect,employee_salaries,na,5
6499,1625,18,1,NeuralNet,f1,1,noselect,mushroom,na,2
6499,1625,18,1,NeuralNet,f1,1,noselect,mushroom,na,3
6499,1625,18,1,NeuralNet,f1,1,noselect,mushroom,na,4
6499,1625,18,1,NeuralNet,f1,1,noselect,mushroom,na,5
5920,1480,20,1,NeuralNet,f1,0.96875,noselect,ringnorm,na,1
5920,1480,20,1,NeuralNet,f1,0.961325967,noselect,ringnorm,na,2
5920,1480,20,1,NeuralNet,f1,0.96868476,noselect,ringnorm,na,3
5920,1480,20,1,NeuralNet,f1,0.964529332,noselect,ringnorm,na,4
5920,1480,20,1,NeuralNet,f1,0.970588235,noselect,ringnorm,na,5
5920,1480,20,1,NeuralNet,f1,0.979508197,noselect,twonorm,na,1
5920,1480,20,1,NeuralNet,f1,0.975935829,noselect,twonorm,na,2
5920,1480,20,1,NeuralNet,f1,0.976551724,noselect,twonorm,na,3
5920,1480,20,1,NeuralNet,f1,0.980705256,noselect,twonorm,na,4
5920,1480,20,1,NeuralNet,f1,0.977474403,noselect,twonorm,na,5
12800,3200,8,1,NeuralNet,f1,0.847904192,noselect,url_spam,na,1
12800,3200,8,1,NeuralNet,f1,0.851851852,noselect,url_spam,na,2
12800,3200,8,1,NeuralNet,f1,0.860729229,noselect,url_spam,na,3
12800,3200,8,1,NeuralNet,f1,0.865102639,noselect,url_spam,na,4
12800,3200,8,1,NeuralNet,f1,0.860811205,noselect,url_spam,na,5
1097,275,4,1,NeuralNet,time(s),163.9905224,noselect,BankNote_Authentication,na,1
1097,275,4,1,NeuralNet,time(s),165.2631216,noselect,BankNote_Authentication,na,2
1097,275,4,1,NeuralNet,time(s),167.5350444,noselect,BankNote_Authentication,na,3
1097,275,4,1,NeuralNet,time(s),164.686661,noselect,BankNote_Authentication,na,4
1097,275,4,1,NeuralNet,time(s),167.4412954,noselect,BankNote_Authentication,na,5
4240,1060,2,1,NeuralNet,time(s),1602.112276,noselect,banana,na,1
4240,1060,2,1,NeuralNet,time(s),1565.84026,noselect,banana,na,2
4240,1060,2,1,NeuralNet,time(s),1548.079749,noselect,banana,na,3
4240,1060,2,1,NeuralNet,time(s),1565.716591,noselect,banana,na,4
4240,1060,2,1,NeuralNet,time(s),1557.772831,noselect,banana,na,5
6243,1561,25,1,NeuralNet,time(s),2056.361932,noselect,colleges,na,1
6243,1561,25,1,NeuralNet,time(s),2056.114592,noselect,colleges,na,2
6243,1561,25,1,NeuralNet,time(s),1986.202585,noselect,colleges,na,3
6243,1561,25,1,NeuralNet,time(s),2025.995153,noselect,colleges,na,4
6243,1561,25,1,NeuralNet,time(s),2052.619938,noselect,colleges,na,5
11984,2996,14,1,NeuralNet,time(s),7295.476895,noselect,eegEyeState,na,1
11984,2996,14,1,NeuralNet,time(s),6541.49776,noselect,eegEyeState,na,2
11984,2996,14,1,NeuralNet,time(s),6590.038913,noselect,eegEyeState,na,3
11984,2996,14,1,NeuralNet,time(s),7271.399276,noselect,eegEyeState,na,4
11984,2996,14,1,NeuralNet,time(s),6623.448517,noselect,eegEyeState,na,5
7382,1846,7,1,NeuralNet,time(s),1579.646147,noselect,employee_salaries,na,1
7382,1846,7,1,NeuralNet,time(s),1597.646005,noselect,employee_salaries,na,2
7382,1846,7,1,NeuralNet,time(s),1631.558304,noselect,employee_salaries,na,3
7382,1846,7,1,NeuralNet,time(s),1579.298076,noselect,employee_salaries,na,4
7382,1846,7,1,NeuralNet,time(s),1651.610673,noselect,employee_salaries,na,5
6499,1625,18,1,NeuralNet,time(s),475.8682644,noselect,mushroom,na,2
6499,1625,18,1,NeuralNet,time(s),492.3023088,noselect,mushroom,na,3
6499,1625,18,1,NeuralNet,time(s),476.7329488,noselect,mushroom,na,4
6499,1625,18,1,NeuralNet,time(s),479.5583944,noselect,mushroom,na,5
5920,1480,20,1,NeuralNet,time(s),1479.242926,noselect,ringnorm,na,1
5920,1480,20,1,NeuralNet,time(s),1495.403674,noselect,ringnorm,na,2
5920,1480,20,1,NeuralNet,time(s),1492.013746,noselect,ringnorm,na,3
5920,1480,20,1,NeuralNet,time(s),1473.641916,noselect,ringnorm,na,4
5920,1480,20,1,NeuralNet,time(s),1493.342192,noselect,ringnorm,na,5
5920,1480,20,1,NeuralNet,time(s),645.5003707,noselect,twonorm,na,1
5920,1480,20,1,NeuralNet,time(s),624.314074,noselect,twonorm,na,2
5920,1480,20,1,NeuralNet,time(s),649.7480016,noselect,twonorm,na,3
5920,1480,20,1,NeuralNet,time(s),631.2624772,noselect,twonorm,na,4
5920,1480,20,1,NeuralNet,time(s),631.9805543,noselect,twonorm,na,5
12800,3200,8,1,NeuralNet,time(s),3772.541653,noselect,url_spam,na,1
12800,3200,8,1,NeuralNet,time(s),3793.243759,noselect,url_spam,na,2
12800,3200,8,1,NeuralNet,time(s),3640.700405,noselect,url_spam,na,3
12800,3200,8,1,NeuralNet,time(s),3834.405524,noselect,url_spam,na,4
12800,3200,8,1,NeuralNet,time(s),3597.040147,noselect,url_spam,na,5
1097,275,4,1,RBFSVM,acc,1,noselect,BankNote_Authentication,na,1
1097,275,4,1,RBFSVM,acc,1,noselect,BankNote_Authentication,na,2
1097,275,4,1,RBFSVM,acc,0.996363636,noselect,BankNote_Authentication,na,3
1097,275,4,1,RBFSVM,acc,1,noselect,BankNote_Authentication,na,4
1097,275,4,1,RBFSVM,acc,1,noselect,BankNote_Authentication,na,5
4240,1060,2,1,RBFSVM,acc,0.90754717,noselect,banana,na,1
4240,1060,2,1,RBFSVM,acc,0.911320755,noselect,banana,na,2
4240,1060,2,1,RBFSVM,acc,0.90754717,noselect,banana,na,3
4240,1060,2,1,RBFSVM,acc,0.899056604,noselect,banana,na,4
4240,1060,2,1,RBFSVM,acc,0.899056604,noselect,banana,na,5
6243,1561,25,1,RBFSVM,acc,0.876361307,noselect,colleges,na,1
6243,1561,25,1,RBFSVM,acc,0.877001922,noselect,colleges,na,2
6243,1561,25,1,RBFSVM,acc,0.879564382,noselect,colleges,na,3
6243,1561,25,1,RBFSVM,acc,0.886611147,noselect,colleges,na,4
6243,1561,25,1,RBFSVM,acc,0.875720692,noselect,colleges,na,5
11984,2996,14,1,RBFSVM,acc,0.940253672,noselect,eegEyeState,na,1
11984,2996,14,1,RBFSVM,acc,0.860814419,noselect,eegEyeState,na,2
11984,2996,14,1,RBFSVM,acc,0.862483311,noselect,eegEyeState,na,3
11984,2996,14,1,RBFSVM,acc,0.94058745,noselect,eegEyeState,na,4
11984,2996,14,1,RBFSVM,acc,0.874499332,noselect,eegEyeState,na,5
7382,1846,7,1,RBFSVM,acc,0.97020585,noselect,employee_salaries,na,1
7382,1846,7,1,RBFSVM,acc,0.979414951,noselect,employee_salaries,na,2
7382,1846,7,1,RBFSVM,acc,0.978331528,noselect,employee_salaries,na,3
7382,1846,7,1,RBFSVM,acc,0.971830986,noselect,employee_salaries,na,4
7382,1846,7,1,RBFSVM,acc,0.97616468,noselect,employee_salaries,na,5
6499,1625,18,1,RBFSVM,acc,1,noselect,mushroom,na,2
6499,1625,18,1,RBFSVM,acc,1,noselect,mushroom,na,3
6499,1625,18,1,RBFSVM,acc,1,noselect,mushroom,na,4
6499,1625,18,1,RBFSVM,acc,1,noselect,mushroom,na,5
5920,1480,20,1,RBFSVM,acc,0.975,noselect,ringnorm,na,1
5920,1480,20,1,RBFSVM,acc,0.976351351,noselect,ringnorm,na,2
5920,1480,20,1,RBFSVM,acc,0.981081081,noselect,ringnorm,na,3
5920,1480,20,1,RBFSVM,acc,0.981081081,noselect,ringnorm,na,4
5920,1480,20,1,RBFSVM,acc,0.976351351,noselect,ringnorm,na,5
5920,1480,20,1,RBFSVM,acc,0.979054054,noselect,twonorm,na,1
5920,1480,20,1,RBFSVM,acc,0.975675676,noselect,twonorm,na,2
5920,1480,20,1,RBFSVM,acc,0.977702703,noselect,twonorm,na,3
5920,1480,20,1,RBFSVM,acc,0.97972973,noselect,twonorm,na,4
5920,1480,20,1,RBFSVM,acc,0.979054054,noselect,twonorm,na,5
12800,3200,8,1,RBFSVM,acc,0.838125,noselect,url_spam,na,1
12800,3200,8,1,RBFSVM,acc,0.8528125,noselect,url_spam,na,2
12800,3200,8,1,RBFSVM,acc,0.853125,noselect,url_spam,na,3
12800,3200,8,1,RBFSVM,acc,0.8478125,noselect,url_spam,na,4
12800,3200,8,1,RBFSVM,acc,0.8521875,noselect,url_spam,na,5
1097,275,4,1,RBFSVM,auc,1,noselect,BankNote_Authentication,na,1
1097,275,4,1,RBFSVM,auc,1,noselect,BankNote_Authentication,na,2
1097,275,4,1,RBFSVM,auc,1,noselect,BankNote_Authentication,na,3
1097,275,4,1,RBFSVM,auc,1,noselect,BankNote_Authentication,na,4
1097,275,4,1,RBFSVM,auc,1,noselect,BankNote_Authentication,na,5
4240,1060,2,1,RBFSVM,auc,0.968467308,noselect,banana,na,1
4240,1060,2,1,RBFSVM,auc,0.971374478,noselect,banana,na,2
4240,1060,2,1,RBFSVM,auc,0.9704652,noselect,banana,na,3
4240,1060,2,1,RBFSVM,auc,0.967162014,noselect,banana,na,4
4240,1060,2,1,RBFSVM,auc,0.964332602,noselect,banana,na,5
6243,1561,25,1,RBFSVM,auc,0.925654641,noselect,colleges,na,1
6243,1561,25,1,RBFSVM,auc,0.930721107,noselect,colleges,na,2
6243,1561,25,1,RBFSVM,auc,0.928366349,noselect,colleges,na,3
6243,1561,25,1,RBFSVM,auc,0.938745827,noselect,colleges,na,4
6243,1561,25,1,RBFSVM,auc,0.935011561,noselect,colleges,na,5
11984,2996,14,1,RBFSVM,auc,0.979480346,noselect,eegEyeState,na,1
11984,2996,14,1,RBFSVM,auc,0.937127697,noselect,eegEyeState,na,2
11984,2996,14,1,RBFSVM,auc,0.939824035,noselect,eegEyeState,na,3
11984,2996,14,1,RBFSVM,auc,0.982869643,noselect,eegEyeState,na,4
11984,2996,14,1,RBFSVM,auc,0.944012382,noselect,eegEyeState,na,5
7382,1846,7,1,RBFSVM,auc,0.992354282,noselect,employee_salaries,na,1
7382,1846,7,1,RBFSVM,auc,0.992652324,noselect,employee_salaries,na,2
7382,1846,7,1,RBFSVM,auc,0.995640912,noselect,employee_salaries,na,3
7382,1846,7,1,RBFSVM,auc,0.992762692,noselect,employee_salaries,na,4
7382,1846,7,1,RBFSVM,auc,0.995066993,noselect,employee_salaries,na,5
6499,1625,18,1,RBFSVM,auc,1,noselect,mushroom,na,2
6499,1625,18,1,RBFSVM,auc,1,noselect,mushroom,na,3
6499,1625,18,1,RBFSVM,auc,1,noselect,mushroom,na,4
6499,1625,18,1,RBFSVM,auc,1,noselect,mushroom,na,5
5920,1480,20,1,RBFSVM,auc,0.997030332,noselect,ringnorm,na,1
5920,1480,20,1,RBFSVM,auc,0.997698899,noselect,ringnorm,na,2
5920,1480,20,1,RBFSVM,auc,0.996522543,noselect,ringnorm,na,3
5920,1480,20,1,RBFSVM,auc,0.998025841,noselect,ringnorm,na,4
5920,1480,20,1,RBFSVM,auc,0.997641453,noselect,ringnorm,na,5
5920,1480,20,1,RBFSVM,auc,0.998352448,noselect,twonorm,na,1
5920,1480,20,1,RBFSVM,auc,0.998020395,noselect,twonorm,na,2
5920,1480,20,1,RBFSVM,auc,0.997930969,noselect,twonorm,na,3
5920,1480,20,1,RBFSVM,auc,0.998005319,noselect,twonorm,na,4
5920,1480,20,1,RBFSVM,auc,0.996305151,noselect,twonorm,na,5
12800,3200,8,1,RBFSVM,auc,0.889431209,noselect,url_spam,na,1
12800,3200,8,1,RBFSVM,auc,0.89162306,noselect,url_spam,na,2
12800,3200,8,1,RBFSVM,auc,0.885789332,noselect,url_spam,na,3
12800,3200,8,1,RBFSVM,auc,0.892960694,noselect,url_spam,na,4
12800,3200,8,1,RBFSVM,auc,0.895507836,noselect,url_spam,na,5
1097,275,4,1,RBFSVM,f1,1,noselect,BankNote_Authentication,na,1
1097,275,4,1,RBFSVM,f1,1,noselect,BankNote_Authentication,na,2
1097,275,4,1,RBFSVM,f1,0.995348837,noselect,BankNote_Authentication,na,3
1097,275,4,1,RBFSVM,f1,1,noselect,BankNote_Authentication,na,4
1097,275,4,1,RBFSVM,f1,1,noselect,BankNote_Authentication,na,5
4240,1060,2,1,RBFSVM,f1,0.89596603,noselect,banana,na,1
4240,1060,2,1,RBFSVM,f1,0.897826087,noselect,banana,na,2
4240,1060,2,1,RBFSVM,f1,0.891111111,noselect,banana,na,3
4240,1060,2,1,RBFSVM,f1,0.880978865,noselect,banana,na,4
4240,1060,2,1,RBFSVM,f1,0.885805763,noselect,banana,na,5
6243,1561,25,1,RBFSVM,f1,0.795767196,noselect,colleges,na,1
6243,1561,25,1,RBFSVM,f1,0.794432548,noselect,colleges,na,2
6243,1561,25,1,RBFSVM,f1,0.795206972,noselect,colleges,na,3
6243,1561,25,1,RBFSVM,f1,0.798634812,noselect,colleges,na,4
6243,1561,25,1,RBFSVM,f1,0.799171843,noselect,colleges,na,5
11984,2996,14,1,RBFSVM,f1,0.946165414,noselect,eegEyeState,na,1
11984,2996,14,1,RBFSVM,f1,0.875781948,noselect,eegEyeState,na,2
11984,2996,14,1,RBFSVM,f1,0.87635054,noselect,eegEyeState,na,3
11984,2996,14,1,RBFSVM,f1,0.946514423,noselect,eegEyeState,na,4
11984,2996,14,1,RBFSVM,f1,0.887222555,noselect,eegEyeState,na,5
7382,1846,7,1,RBFSVM,f1,0.915514593,noselect,employee_salaries,na,1
7382,1846,7,1,RBFSVM,f1,0.935810811,noselect,employee_salaries,na,2
7382,1846,7,1,RBFSVM,f1,0.935275081,noselect,employee_salaries,na,3
7382,1846,7,1,RBFSVM,f1,0.904761905,noselect,employee_salaries,na,4
7382,1846,7,1,RBFSVM,f1,0.929936306,noselect,employee_salaries,na,5
6499,1625,18,1,RBFSVM,f1,1,noselect,mushroom,na,2
6499,1625,18,1,RBFSVM,f1,1,noselect,mushroom,na,3
6499,1625,18,1,RBFSVM,f1,1,noselect,mushroom,na,4
6499,1625,18,1,RBFSVM,f1,1,noselect,mushroom,na,5
5920,1480,20,1,RBFSVM,f1,0.974983097,noselect,ringnorm,na,1
5920,1480,20,1,RBFSVM,f1,0.975945017,noselect,ringnorm,na,2
5920,1480,20,1,RBFSVM,f1,0.980392157,noselect,ringnorm,na,3
5920,1480,20,1,RBFSVM,f1,0.980769231,noselect,ringnorm,na,4
5920,1480,20,1,RBFSVM,f1,0.976836532,noselect,ringnorm,na,5
5920,1480,20,1,RBFSVM,f1,0.97883959,noselect,twonorm,na,1
5920,1480,20,1,RBFSVM,f1,0.975935829,noselect,twonorm,na,2
5920,1480,20,1,RBFSVM,f1,0.977257064,noselect,twonorm,na,3
5920,1480,20,1,RBFSVM,f1,0.980053191,noselect,twonorm,na,4
5920,1480,20,1,RBFSVM,f1,0.978868439,noselect,twonorm,na,5
12800,3200,8,1,RBFSVM,f1,0.848449386,noselect,url_spam,na,1
12800,3200,8,1,RBFSVM,f1,0.860938884,noselect,url_spam,na,2
12800,3200,8,1,RBFSVM,f1,0.860699467,noselect,url_spam,na,3
12800,3200,8,1,RBFSVM,f1,0.858881484,noselect,url_spam,na,4
12800,3200,8,1,RBFSVM,f1,0.862058909,noselect,url_spam,na,5
1097,275,4,1,RBFSVM,time(s),6.636256456,noselect,BankNote_Authentication,na,1
1097,275,4,1,RBFSVM,time(s),6.683161974,noselect,BankNote_Authentication,na,2
1097,275,4,1,RBFSVM,time(s),6.680138826,noselect,BankNote_Authentication,na,3
1097,275,4,1,RBFSVM,time(s),6.759925365,noselect,BankNote_Authentication,na,4
1097,275,4,1,RBFSVM,time(s),6.741973162,noselect,BankNote_Authentication,na,5
4240,1060,2,1,RBFSVM,time(s),142.9537606,noselect,banana,na,1
4240,1060,2,1,RBFSVM,time(s),142.8161387,noselect,banana,na,2
4240,1060,2,1,RBFSVM,time(s),143.5082877,noselect,banana,na,3
4240,1060,2,1,RBFSVM,time(s),141.5894194,noselect,banana,na,4
4240,1060,2,1,RBFSVM,time(s),141.6622319,noselect,banana,na,5
6243,1561,25,1,RBFSVM,time(s),882.1605191,noselect,colleges,na,1
6243,1561,25,1,RBFSVM,time(s),885.0288129,noselect,colleges,na,2
6243,1561,25,1,RBFSVM,time(s),884.3526213,noselect,colleges,na,3
6243,1561,25,1,RBFSVM,time(s),885.4437392,noselect,colleges,na,4
6243,1561,25,1,RBFSVM,time(s),884.8418884,noselect,colleges,na,5
11984,2996,14,1,RBFSVM,time(s),2965.399677,noselect,eegEyeState,na,1
11984,2996,14,1,RBFSVM,time(s),3180.390586,noselect,eegEyeState,na,2
11984,2996,14,1,RBFSVM,time(s),3198.41139,noselect,eegEyeState,na,3
11984,2996,14,1,RBFSVM,time(s),3028.731284,noselect,eegEyeState,na,4
11984,2996,14,1,RBFSVM,time(s),3210.096116,noselect,eegEyeState,na,5
7382,1846,7,1,RBFSVM,time(s),350.7828403,noselect,employee_salaries,na,1
7382,1846,7,1,RBFSVM,time(s),356.7568402,noselect,employee_salaries,na,2
7382,1846,7,1,RBFSVM,time(s),354.4909027,noselect,employee_salaries,na,3
7382,1846,7,1,RBFSVM,time(s),357.3512371,noselect,employee_salaries,na,4
7382,1846,7,1,RBFSVM,time(s),354.8230042,noselect,employee_salaries,na,5
6499,1625,18,1,RBFSVM,time(s),453.6457117,noselect,mushroom,na,2
6499,1625,18,1,RBFSVM,time(s),442.7269018,noselect,mushroom,na,3
6499,1625,18,1,RBFSVM,time(s),448.0845647,noselect,mushroom,na,4
6499,1625,18,1,RBFSVM,time(s),440.0031891,noselect,mushroom,na,5
5920,1480,20,1,RBFSVM,time(s),560.9249086,noselect,ringnorm,na,1
5920,1480,20,1,RBFSVM,time(s),561.6009216,noselect,ringnorm,na,2
5920,1480,20,1,RBFSVM,time(s),558.5710061,noselect,ringnorm,na,3
5920,1480,20,1,RBFSVM,time(s),562.701009,noselect,ringnorm,na,4
5920,1480,20,1,RBFSVM,time(s),564.1191812,noselect,ringnorm,na,5
5920,1480,20,1,RBFSVM,time(s),555.5740514,noselect,twonorm,na,1
5920,1480,20,1,RBFSVM,time(s),546.7646291,noselect,twonorm,na,2
5920,1480,20,1,RBFSVM,time(s),554.6724641,noselect,twonorm,na,3
5920,1480,20,1,RBFSVM,time(s),551.3084679,noselect,twonorm,na,4
5920,1480,20,1,RBFSVM,time(s),555.6847808,noselect,twonorm,na,5
12800,3200,8,1,RBFSVM,time(s),3995.182223,noselect,url_spam,na,1
12800,3200,8,1,RBFSVM,time(s),4361.970679,noselect,url_spam,na,2
12800,3200,8,1,RBFSVM,time(s),4189.001427,noselect,url_spam,na,3
12800,3200,8,1,RBFSVM,time(s),4004.710353,noselect,url_spam,na,4
12800,3200,8,1,RBFSVM,time(s),3952.882789,noselect,url_spam,na,5
1097,275,4,1,RF,acc,0.996363636,noselect,BankNote_Authentication,na,1
1097,275,4,1,RF,acc,0.989090909,noselect,BankNote_Authentication,na,2
1097,275,4,1,RF,acc,0.989090909,noselect,BankNote_Authentication,na,3
1097,275,4,1,RF,acc,0.996363636,noselect,BankNote_Authentication,na,4
1097,275,4,1,RF,acc,0.996363636,noselect,BankNote_Authentication,na,5
4240,1060,2,1,RF,acc,0.898113208,noselect,banana,na,1
4240,1060,2,1,RF,acc,0.901886792,noselect,banana,na,2
4240,1060,2,1,RF,acc,0.895283019,noselect,banana,na,3
4240,1060,2,1,RF,acc,0.897169811,noselect,banana,na,4
4240,1060,2,1,RF,acc,0.897169811,noselect,banana,na,5
6243,1561,25,1,RF,acc,0.880845612,noselect,colleges,na,1
6243,1561,25,1,RF,acc,0.889814222,noselect,colleges,na,2
6243,1561,25,1,RF,acc,0.885970532,noselect,colleges,na,3
6243,1561,25,1,RF,acc,0.886611147,noselect,colleges,na,4
6243,1561,25,1,RF,acc,0.879564382,noselect,colleges,na,5
11984,2996,14,1,RF,acc,0.925567423,noselect,eegEyeState,na,1
11984,2996,14,1,RF,acc,0.903538051,noselect,eegEyeState,na,2
11984,2996,14,1,RF,acc,0.916221629,noselect,eegEyeState,na,3
11984,2996,14,1,RF,acc,0.919559413,noselect,eegEyeState,na,4
11984,2996,14,1,RF,acc,0.917556742,noselect,eegEyeState,na,5
7382,1846,7,1,RF,acc,0.979956663,noselect,employee_salaries,na,1
7382,1846,7,1,RF,acc,0.977248104,noselect,employee_salaries,na,2
7382,1846,7,1,RF,acc,0.981581798,noselect,employee_salaries,na,3
7382,1846,7,1,RF,acc,0.977789816,noselect,employee_salaries,na,4
7382,1846,7,1,RF,acc,0.986998917,noselect,employee_salaries,na,5
6499,1625,18,1,RF,acc,1,noselect,mushroom,na,2
6499,1625,18,1,RF,acc,1,noselect,mushroom,na,3
6499,1625,18,1,RF,acc,1,noselect,mushroom,na,4
6499,1625,18,1,RF,acc,1,noselect,mushroom,na,5
5920,1480,20,1,RF,acc,0.946621622,noselect,ringnorm,na,1
5920,1480,20,1,RF,acc,0.948648649,noselect,ringnorm,na,2
5920,1480,20,1,RF,acc,0.94527027,noselect,ringnorm,na,3
5920,1480,20,1,RF,acc,0.944594595,noselect,ringnorm,na,4
5920,1480,20,1,RF,acc,0.939189189,noselect,ringnorm,na,5
5920,1480,20,1,RF,acc,0.969594595,noselect,twonorm,na,1
5920,1480,20,1,RF,acc,0.968243243,noselect,twonorm,na,2
5920,1480,20,1,RF,acc,0.962162162,noselect,twonorm,na,3
5920,1480,20,1,RF,acc,0.969594595,noselect,twonorm,na,4
5920,1480,20,1,RF,acc,0.968918919,noselect,twonorm,na,5
12800,3200,8,1,RF,acc,0.8628125,noselect,url_spam,na,1
12800,3200,8,1,RF,acc,0.8715625,noselect,url_spam,na,2
12800,3200,8,1,RF,acc,0.8753125,noselect,url_spam,na,3
12800,3200,8,1,RF,acc,0.8715625,noselect,url_spam,na,4
12800,3200,8,1,RF,acc,0.876875,noselect,url_spam,na,5
1097,275,4,1,RF,auc,1,noselect,BankNote_Authentication,na,1
1097,275,4,1,RF,auc,0.999576181,noselect,BankNote_Authentication,na,2
1097,275,4,1,RF,auc,0.999749666,noselect,BankNote_Authentication,na,3
1097,275,4,1,RF,auc,1,noselect,BankNote_Authentication,na,4
1097,275,4,1,RF,auc,0.999840392,noselect,BankNote_Authentication,na,5
4240,1060,2,1,RF,auc,0.963706272,noselect,banana,na,1
4240,1060,2,1,RF,auc,0.9704683,noselect,banana,na,2
4240,1060,2,1,RF,auc,0.96963938,noselect,banana,na,3
4240,1060,2,1,RF,auc,0.968738613,noselect,banana,na,4
4240,1060,2,1,RF,auc,0.965858873,noselect,banana,na,5
6243,1561,25,1,RF,auc,0.942145421,noselect,colleges,na,1
6243,1561,25,1,RF,auc,0.944357712,noselect,colleges,na,2
6243,1561,25,1,RF,auc,0.950059409,noselect,colleges,na,3
6243,1561,25,1,RF,auc,0.948488593,noselect,colleges,na,4
6243,1561,25,1,RF,auc,0.950974264,noselect,colleges,na,5
11984,2996,14,1,RF,auc,0.978416053,noselect,eegEyeState,na,1
11984,2996,14,1,RF,auc,0.970602166,noselect,eegEyeState,na,2
11984,2996,14,1,RF,auc,0.975428974,noselect,eegEyeState,na,3
11984,2996,14,1,RF,auc,0.975717213,noselect,eegEyeState,na,4
11984,2996,14,1,RF,auc,0.973974952,noselect,eegEyeState,na,5
7382,1846,7,1,RF,auc,0.995546494,noselect,employee_salaries,na,1
7382,1846,7,1,RF,auc,0.99465213,noselect,employee_salaries,na,2
7382,1846,7,1,RF,auc,0.997184132,noselect,employee_salaries,na,3
7382,1846,7,1,RF,auc,0.995396193,noselect,employee_salaries,na,4
7382,1846,7,1,RF,auc,0.997536622,noselect,employee_salaries,na,5
6499,1625,18,1,RF,auc,1,noselect,mushroom,na,2
6499,1625,18,1,RF,auc,1,noselect,mushroom,na,3
6499,1625,18,1,RF,auc,1,noselect,mushroom,na,4
6499,1625,18,1,RF,auc,1,noselect,mushroom,na,5
5920,1480,20,1,RF,auc,0.988028184,noselect,ringnorm,na,1
5920,1480,20,1,RF,auc,0.987746638,noselect,ringnorm,na,2
5920,1480,20,1,RF,auc,0.986185195,noselect,ringnorm,na,3
5920,1480,20,1,RF,auc,0.988014427,noselect,ringnorm,na,4
5920,1480,20,1,RF,auc,0.989871317,noselect,ringnorm,na,5
5920,1480,20,1,RF,auc,0.995943223,noselect,twonorm,na,1
5920,1480,20,1,RF,auc,0.995986004,noselect,twonorm,na,2
5920,1480,20,1,RF,auc,0.995523801,noselect,twonorm,na,3
5920,1480,20,1,RF,auc,0.995913827,noselect,twonorm,na,4
5920,1480,20,1,RF,auc,0.995941693,noselect,twonorm,na,5
12800,3200,8,1,RF,auc,0.932531569,noselect,url_spam,na,1
12800,3200,8,1,RF,auc,0.941761071,noselect,url_spam,na,2
12800,3200,8,1,RF,auc,0.943268504,noselect,url_spam,na,3
12800,3200,8,1,RF,auc,0.935446426,noselect,url_spam,na,4
12800,3200,8,1,RF,auc,0.941317762,noselect,url_spam,na,5
1097,275,4,1,RF,f1,0.995780591,noselect,BankNote_Authentication,na,1
1097,275,4,1,RF,f1,0.988764045,noselect,BankNote_Authentication,na,2
1097,275,4,1,RF,f1,0.986175115,noselect,BankNote_Authentication,na,3
1097,275,4,1,RF,f1,0.995744681,noselect,BankNote_Authentication,na,4
1097,275,4,1,RF,f1,0.996078431,noselect,BankNote_Authentication,na,5
4240,1060,2,1,RF,f1,0.886075949,noselect,banana,na,1
4240,1060,2,1,RF,f1,0.890526316,noselect,banana,na,2
4240,1060,2,1,RF,f1,0.876803552,noselect,banana,na,3
4240,1060,2,1,RF,f1,0.880351262,noselect,banana,na,4
4240,1060,2,1,RF,f1,0.884165781,noselect,banana,na,5
6243,1561,25,1,RF,f1,0.801282051,noselect,colleges,na,1
6243,1561,25,1,RF,f1,0.809312639,noselect,colleges,na,2
6243,1561,25,1,RF,f1,0.799097065,noselect,colleges,na,3
6243,1561,25,1,RF,f1,0.792982456,noselect,colleges,na,4
6243,1561,25,1,RF,f1,0.801268499,noselect,colleges,na,5
11984,2996,14,1,RF,f1,0.933611194,noselect,eegEyeState,na,1
11984,2996,14,1,RF,f1,0.914874816,noselect,eegEyeState,na,2
11984,2996,14,1,RF,f1,0.926284875,noselect,eegEyeState,na,3
11984,2996,14,1,RF,f1,0.92808117,noselect,eegEyeState,na,4
11984,2996,14,1,RF,f1,0.926553672,noselect,eegEyeState,na,5
7382,1846,7,1,RF,f1,0.943164363,noselect,employee_salaries,na,1
7382,1846,7,1,RF,f1,0.928327645,noselect,employee_salaries,na,2
7382,1846,7,1,RF,f1,0.943894389,noselect,employee_salaries,na,3
7382,1846,7,1,RF,f1,0.923649907,noselect,employee_salaries,na,4
7382,1846,7,1,RF,f1,0.961661342,noselect,employee_salaries,na,5
6499,1625,18,1,RF,f1,1,noselect,mushroom,na,2
6499,1625,18,1,RF,f1,1,noselect,mushroom,na,3
6499,1625,18,1,RF,f1,1,noselect,mushroom,na,4
6499,1625,18,1,RF,f1,1,noselect,mushroom,na,5
5920,1480,20,1,RF,f1,0.947647449,noselect,ringnorm,na,1
5920,1480,20,1,RF,f1,0.948228883,noselect,ringnorm,na,2
5920,1480,20,1,RF,f1,0.944253269,noselect,ringnorm,na,3
5920,1480,20,1,RF,f1,0.944369064,noselect,ringnorm,na,4
5920,1480,20,1,RF,f1,0.94102228,noselect,ringnorm,na,5
5920,1480,20,1,RF,f1,0.969408566,noselect,twonorm,na,1
5920,1480,20,1,RF,f1,0.968603874,noselect,twonorm,na,2
5920,1480,20,1,RF,f1,0.961485557,noselect,twonorm,na,3
5920,1480,20,1,RF,f1,0.969859344,noselect,twonorm,na,4
5920,1480,20,1,RF,f1,0.968707483,noselect,twonorm,na,5
12800,3200,8,1,RF,f1,0.868759342,noselect,url_spam,na,1
12800,3200,8,1,RF,f1,0.877130045,noselect,url_spam,na,2
12800,3200,8,1,RF,f1,0.8794926,noselect,url_spam,na,3
12800,3200,8,1,RF,f1,0.879082083,noselect,url_spam,na,4
12800,3200,8,1,RF,f1,0.883775811,noselect,url_spam,na,5
1097,275,4,1,RF,time(s),75.86717081,noselect,BankNote_Authentication,na,1
1097,275,4,1,RF,time(s),76.02472544,noselect,BankNote_Authentication,na,2
1097,275,4,1,RF,time(s),75.94892812,noselect,BankNote_Authentication,na,3
1097,275,4,1,RF,time(s),75.91003203,noselect,BankNote_Authentication,na,4
1097,275,4,1,RF,time(s),75.89507174,noselect,BankNote_Authentication,na,5
4240,1060,2,1,RF,time(s),136.7024851,noselect,banana,na,1
4240,1060,2,1,RF,time(s),136.7623265,noselect,banana,na,2
4240,1060,2,1,RF,time(s),136.6456132,noselect,banana,na,3
4240,1060,2,1,RF,time(s),137.0993924,noselect,banana,na,4
4240,1060,2,1,RF,time(s),136.6446397,noselect,banana,na,5
6243,1561,25,1,RF,time(s),639.1794162,noselect,colleges,na,1
6243,1561,25,1,RF,time(s),642.6162198,noselect,colleges,na,2
6243,1561,25,1,RF,time(s),646.2036498,noselect,colleges,na,3
6243,1561,25,1,RF,time(s),642.1654255,noselect,colleges,na,4
6243,1561,25,1,RF,time(s),644.984849,noselect,colleges,na,5
11984,2996,14,1,RF,time(s),777.7245896,noselect,eegEyeState,na,1
11984,2996,14,1,RF,time(s),777.7445583,noselect,eegEyeState,na,2
11984,2996,14,1,RF,time(s),774.2658679,noselect,eegEyeState,na,3
11984,2996,14,1,RF,time(s),772.0168886,noselect,eegEyeState,na,4
11984,2996,14,1,RF,time(s),773.0820417,noselect,eegEyeState,na,5
7382,1846,7,1,RF,time(s),207.3993003,noselect,employee_salaries,na,1
7382,1846,7,1,RF,time(s),209.0508816,noselect,employee_salaries,na,2
7382,1846,7,1,RF,time(s),211.5820994,noselect,employee_salaries,na,3
7382,1846,7,1,RF,time(s),200.1706319,noselect,employee_salaries,na,4
7382,1846,7,1,RF,time(s),206.99737,noselect,employee_salaries,na,5
6499,1625,18,1,RF,time(s),123.3740289,noselect,mushroom,na,2
6499,1625,18,1,RF,time(s),124.5986993,noselect,mushroom,na,3
6499,1625,18,1,RF,time(s),123.0359225,noselect,mushroom,na,4
6499,1625,18,1,RF,time(s),122.3876591,noselect,mushroom,na,5
5920,1480,20,1,RF,time(s),790.1611729,noselect,ringnorm,na,1
5920,1480,20,1,RF,time(s),792.040168,noselect,ringnorm,na,2
5920,1480,20,1,RF,time(s),789.6126657,noselect,ringnorm,na,3
5920,1480,20,1,RF,time(s),792.286485,noselect,ringnorm,na,4
5920,1480,20,1,RF,time(s),791.8935609,noselect,ringnorm,na,5
5920,1480,20,1,RF,time(s),764.2535372,noselect,twonorm,na,1
5920,1480,20,1,RF,time(s),763.6112542,noselect,twonorm,na,2
5920,1480,20,1,RF,time(s),753.8703201,noselect,twonorm,na,3
5920,1480,20,1,RF,time(s),766.1065779,noselect,twonorm,na,4
5920,1480,20,1,RF,time(s),751.6462796,noselect,twonorm,na,5
12800,3200,8,1,RF,time(s),233.5549927,noselect,url_spam,na,1
12800,3200,8,1,RF,time(s),233.7833471,noselect,url_spam,na,2
12800,3200,8,1,RF,time(s),233.0329099,noselect,url_spam,na,3
12800,3200,8,1,RF,time(s),233.441787,noselect,url_spam,na,4
12800,3200,8,1,RF,time(s),234.2740495,noselect,url_spam,na,5
1097,275,4,1,kNN,acc,1,noselect,BankNote_Authentication,na,1
1097,275,4,1,kNN,acc,0.996363636,noselect,BankNote_Authentication,na,2
1097,275,4,1,kNN,acc,0.996363636,noselect,BankNote_Authentication,na,3
1097,275,4,1,kNN,acc,1,noselect,BankNote_Authentication,na,4
1097,275,4,1,kNN,acc,1,noselect,BankNote_Authentication,na,5
4240,1060,2,1,kNN,acc,0.904716981,noselect,banana,na,1
4240,1060,2,1,kNN,acc,0.898113208,noselect,banana,na,2
4240,1060,2,1,kNN,acc,0.902830189,noselect,banana,na,3
4240,1060,2,1,kNN,acc,0.900943396,noselect,banana,na,4
4240,1060,2,1,kNN,acc,0.895283019,noselect,banana,na,5
6243,1561,25,1,kNN,acc,0.872517617,noselect,colleges,na,1
6243,1561,25,1,kNN,acc,0.874439462,noselect,colleges,na,2
6243,1561,25,1,kNN,acc,0.880845612,noselect,colleges,na,3
6243,1561,25,1,kNN,acc,0.867392697,noselect,colleges,na,4
6243,1561,25,1,kNN,acc,0.871236387,noselect,colleges,na,5
11984,2996,14,1,kNN,acc,0.924899866,noselect,eegEyeState,na,1
11984,2996,14,1,kNN,acc,0.838785047,noselect,eegEyeState,na,2
11984,2996,14,1,kNN,acc,0.835781041,noselect,eegEyeState,na,3
11984,2996,14,1,kNN,acc,0.920560748,noselect,eegEyeState,na,4
11984,2996,14,1,kNN,acc,0.842790387,noselect,eegEyeState,na,5
7382,1846,7,1,kNN,acc,0.958288191,noselect,employee_salaries,na,1
7382,1846,7,1,kNN,acc,0.966413868,noselect,employee_salaries,na,2
7382,1846,7,1,kNN,acc,0.966413868,noselect,employee_salaries,na,3
7382,1846,7,1,kNN,acc,0.97020585,noselect,employee_salaries,na,4
7382,1846,7,1,kNN,acc,0.968039003,noselect,employee_salaries,na,5
6499,1625,18,1,kNN,acc,0.999384615,noselect,mushroom,na,2
6499,1625,18,1,kNN,acc,1,noselect,mushroom,na,3
6499,1625,18,1,kNN,acc,1,noselect,mushroom,na,4
6499,1625,18,1,kNN,acc,0.999384615,noselect,mushroom,na,5
5920,1480,20,1,kNN,acc,0.668918919,noselect,ringnorm,na,1
5920,1480,20,1,kNN,acc,0.681081081,noselect,ringnorm,na,2
5920,1480,20,1,kNN,acc,0.686486486,noselect,ringnorm,na,3
5920,1480,20,1,kNN,acc,0.688513514,noselect,ringnorm,na,4
5920,1480,20,1,kNN,acc,0.668243243,noselect,ringnorm,na,5
5920,1480,20,1,kNN,acc,0.977702703,noselect,twonorm,na,1
5920,1480,20,1,kNN,acc,0.972972973,noselect,twonorm,na,2
5920,1480,20,1,kNN,acc,0.970945946,noselect,twonorm,na,3
5920,1480,20,1,kNN,acc,0.972297297,noselect,twonorm,na,4
5920,1480,20,1,kNN,acc,0.973648649,noselect,twonorm,na,5
12800,3200,8,1,kNN,acc,0.8609375,noselect,url_spam,na,1
12800,3200,8,1,kNN,acc,0.865,noselect,url_spam,na,2
12800,3200,8,1,kNN,acc,0.8721875,noselect,url_spam,na,3
12800,3200,8,1,kNN,acc,0.8634375,noselect,url_spam,na,4
12800,3200,8,1,kNN,acc,0.8640625,noselect,url_spam,na,5
1097,275,4,1,kNN,auc,1,noselect,BankNote_Authentication,na,1
1097,275,4,1,kNN,auc,0.996503497,noselect,BankNote_Authentication,na,2
1097,275,4,1,kNN,auc,0.996940365,noselect,BankNote_Authentication,na,3
1097,275,4,1,kNN,auc,1,noselect,BankNote_Authentication,na,4
1097,275,4,1,kNN,auc,1,noselect,BankNote_Authentication,na,5
4240,1060,2,1,kNN,auc,0.970063266,noselect,banana,na,1
4240,1060,2,1,kNN,auc,0.96977608,noselect,banana,na,2
4240,1060,2,1,kNN,auc,0.972216012,noselect,banana,na,3
4240,1060,2,1,kNN,auc,0.969842593,noselect,banana,na,4
4240,1060,2,1,kNN,auc,0.961168862,noselect,banana,na,5
6243,1561,25,1,kNN,auc,0.925927409,noselect,colleges,na,1
6243,1561,25,1,kNN,auc,0.926774468,noselect,colleges,na,2
6243,1561,25,1,kNN,auc,0.933479421,noselect,colleges,na,3
6243,1561,25,1,kNN,auc,0.925440429,noselect,colleges,na,4
6243,1561,25,1,kNN,auc,0.935797942,noselect,colleges,na,5
11984,2996,14,1,kNN,auc,0.976654107,noselect,eegEyeState,na,1
11984,2996,14,1,kNN,auc,0.91688955,noselect,eegEyeState,na,2
11984,2996,14,1,kNN,auc,0.918309995,noselect,eegEyeState,na,3
11984,2996,14,1,kNN,auc,0.977099122,noselect,eegEyeState,na,4
11984,2996,14,1,kNN,auc,0.922832976,noselect,eegEyeState,na,5
7382,1846,7,1,kNN,auc,0.971315064,noselect,employee_salaries,na,1
7382,1846,7,1,kNN,auc,0.978225763,noselect,employee_salaries,na,2
7382,1846,7,1,kNN,auc,0.987845674,noselect,employee_salaries,na,3
7382,1846,7,1,kNN,auc,0.980344543,noselect,employee_salaries,na,4
7382,1846,7,1,kNN,auc,0.990339267,noselect,employee_salaries,na,5
6499,1625,18,1,kNN,auc,1,noselect,mushroom,na,2
6499,1625,18,1,kNN,auc,1,noselect,mushroom,na,3
6499,1625,18,1,kNN,auc,1,noselect,mushroom,na,4
6499,1625,18,1,kNN,auc,1,noselect,mushroom,na,5
5920,1480,20,1,kNN,auc,0.865201558,noselect,ringnorm,na,1
5920,1480,20,1,kNN,auc,0.873619339,noselect,ringnorm,na,2
5920,1480,20,1,kNN,auc,0.878687374,noselect,ringnorm,na,3
5920,1480,20,1,kNN,auc,0.873717756,noselect,ringnorm,na,4
5920,1480,20,1,kNN,auc,0.872320477,noselect,ringnorm,na,5
5920,1480,20,1,kNN,auc,0.996301228,noselect,twonorm,na,1
5920,1480,20,1,kNN,auc,0.996247151,noselect,twonorm,na,2
5920,1480,20,1,kNN,auc,0.996817859,noselect,twonorm,na,3
5920,1480,20,1,kNN,auc,0.997429017,noselect,twonorm,na,4
5920,1480,20,1,kNN,auc,0.99635903,noselect,twonorm,na,5
12800,3200,8,1,kNN,auc,0.922182723,noselect,url_spam,na,1
12800,3200,8,1,kNN,auc,0.929325817,noselect,url_spam,na,2
12800,3200,8,1,kNN,auc,0.93110902,noselect,url_spam,na,3
12800,3200,8,1,kNN,auc,0.925199582,noselect,url_spam,na,4
12800,3200,8,1,kNN,auc,0.930812452,noselect,url_spam,na,5
1097,275,4,1,kNN,f1,1,noselect,BankNote_Authentication,na,1
1097,275,4,1,kNN,f1,0.996226415,noselect,BankNote_Authentication,na,2
1097,275,4,1,kNN,f1,0.995348837,noselect,BankNote_Authentication,na,3
1097,275,4,1,kNN,f1,1,noselect,BankNote_Authentication,na,4
1097,275,4,1,kNN,f1,1,noselect,BankNote_Authentication,na,5
4240,1060,2,1,kNN,f1,0.893572181,noselect,banana,na,1
4240,1060,2,1,kNN,f1,0.88336933,noselect,banana,na,2
4240,1060,2,1,kNN,f1,0.884658455,noselect,banana,na,3
4240,1060,2,1,kNN,f1,0.883462819,noselect,banana,na,4
4240,1060,2,1,kNN,f1,0.882040383,noselect,banana,na,5
6243,1561,25,1,kNN,f1,0.79714577,noselect,colleges,na,1
6243,1561,25,1,kNN,f1,0.794549266,noselect,colleges,na,2
6243,1561,25,1,kNN,f1,0.798701299,noselect,colleges,na,3
6243,1561,25,1,kNN,f1,0.76974416,noselect,colleges,na,4
6243,1561,25,1,kNN,f1,0.801186944,noselect,colleges,na,5
11984,2996,14,1,kNN,f1,0.932452717,noselect,eegEyeState,na,1
11984,2996,14,1,kNN,f1,0.856973645,noselect,eegEyeState,na,2
11984,2996,14,1,kNN,f1,0.852694611,noselect,eegEyeState,na,3
11984,2996,14,1,kNN,f1,0.929039952,noselect,eegEyeState,na,4
11984,2996,14,1,kNN,f1,0.860361696,noselect,eegEyeState,na,5
7382,1846,7,1,kNN,f1,0.879499218,noselect,employee_salaries,na,1
7382,1846,7,1,kNN,f1,0.89632107,noselect,employee_salaries,na,2
7382,1846,7,1,kNN,f1,0.900641026,noselect,employee_salaries,na,3
7382,1846,7,1,kNN,f1,0.900900901,noselect,employee_salaries,na,4
7382,1846,7,1,kNN,f1,0.9056,noselect,employee_salaries,na,5
6499,1625,18,1,kNN,f1,0.999418942,noselect,mushroom,na,2
6499,1625,18,1,kNN,f1,1,noselect,mushroom,na,3
6499,1625,18,1,kNN,f1,1,noselect,mushroom,na,4
6499,1625,18,1,kNN,f1,0.99939577,noselect,mushroom,na,5
5920,1480,20,1,kNN,f1,0.512922465,noselect,ringnorm,na,1
5920,1480,20,1,kNN,f1,0.526104418,noselect,ringnorm,na,2
5920,1480,20,1,kNN,f1,0.525562372,noselect,ringnorm,na,3
5920,1480,20,1,kNN,f1,0.543111992,noselect,ringnorm,na,4
5920,1480,20,1,kNN,f1,0.523763337,noselect,ringnorm,na,5
5920,1480,20,1,kNN,f1,0.977319588,noselect,twonorm,na,1
5920,1480,20,1,kNN,f1,0.973009447,noselect,twonorm,na,2
5920,1480,20,1,kNN,f1,0.970365265,noselect,twonorm,na,3
5920,1480,20,1,kNN,f1,0.972648432,noselect,twonorm,na,4
5920,1480,20,1,kNN,f1,0.973269363,noselect,twonorm,na,5
12800,3200,8,1,kNN,f1,0.86511064,noselect,url_spam,na,1
12800,3200,8,1,kNN,f1,0.868131868,noselect,url_spam,na,2
12800,3200,8,1,kNN,f1,0.876248109,noselect,url_spam,na,3
12800,3200,8,1,kNN,f1,0.870595203,noselect,url_spam,na,4
12800,3200,8,1,kNN,f1,0.871870398,noselect,url_spam,na,5
1097,275,4,1,kNN,time(s),0.600394487,noselect,BankNote_Authentication,na,1
1097,275,4,1,kNN,time(s),0.553483963,noselect,BankNote_Authentication,na,2
1097,275,4,1,kNN,time(s),0.593413115,noselect,BankNote_Authentication,na,3
1097,275,4,1,kNN,time(s),0.598399878,noselect,BankNote_Authentication,na,4
1097,275,4,1,kNN,time(s),0.602389574,noselect,BankNote_Authentication,na,5
4240,1060,2,1,kNN,time(s),1.980729342,noselect,banana,na,1
4240,1060,2,1,kNN,time(s),2.071460247,noselect,banana,na,2
4240,1060,2,1,kNN,time(s),2.06151247,noselect,banana,na,3
4240,1060,2,1,kNN,time(s),2.030571461,noselect,banana,na,4
4240,1060,2,1,kNN,time(s),1.93183589,noselect,banana,na,5
6243,1561,25,1,kNN,time(s),37.56452727,noselect,colleges,na,1
6243,1561,25,1,kNN,time(s),37.39897084,noselect,colleges,na,2
6243,1561,25,1,kNN,time(s),37.75299907,noselect,colleges,na,3
6243,1561,25,1,kNN,time(s),37.83281088,noselect,colleges,na,4
6243,1561,25,1,kNN,time(s),38.15295386,noselect,colleges,na,5
11984,2996,14,1,kNN,time(s),39.22208381,noselect,eegEyeState,na,1
11984,2996,14,1,kNN,time(s),34.52165747,noselect,eegEyeState,na,2
11984,2996,14,1,kNN,time(s),33.48442578,noselect,eegEyeState,na,3
11984,2996,14,1,kNN,time(s),37.27129626,noselect,eegEyeState,na,4
11984,2996,14,1,kNN,time(s),33.91527367,noselect,eegEyeState,na,5
7382,1846,7,1,kNN,time(s),8.635899544,noselect,employee_salaries,na,1
7382,1846,7,1,kNN,time(s),8.598010063,noselect,employee_salaries,na,2
7382,1846,7,1,kNN,time(s),8.65484786,noselect,employee_salaries,na,3
7382,1846,7,1,kNN,time(s),8.54315114,noselect,employee_salaries,na,4
7382,1846,7,1,kNN,time(s),8.653852463,noselect,employee_salaries,na,5
6499,1625,18,1,kNN,time(s),13.90181947,noselect,mushroom,na,2
6499,1625,18,1,kNN,time(s),14.26086426,noselect,mushroom,na,3
6499,1625,18,1,kNN,time(s),14.12022805,noselect,mushroom,na,4
6499,1625,18,1,kNN,time(s),13.57170057,noselect,mushroom,na,5
5920,1480,20,1,kNN,time(s),38.3234551,noselect,ringnorm,na,1
5920,1480,20,1,kNN,time(s),38.20973492,noselect,ringnorm,na,2
5920,1480,20,1,kNN,time(s),38.33639598,noselect,ringnorm,na,3
5920,1480,20,1,kNN,time(s),38.3952384,noselect,ringnorm,na,4
5920,1480,20,1,kNN,time(s),38.2974999,noselect,ringnorm,na,5
5920,1480,20,1,kNN,time(s),38.27755332,noselect,twonorm,na,1
5920,1480,20,1,kNN,time(s),38.28555632,noselect,twonorm,na,2
5920,1480,20,1,kNN,time(s),38.32745218,noselect,twonorm,na,3
5920,1480,20,1,kNN,time(s),38.29149103,noselect,twonorm,na,4
5920,1480,20,1,kNN,time(s),38.32542491,noselect,twonorm,na,5
12800,3200,8,1,kNN,time(s),22.27509785,noselect,url_spam,na,1
12800,3200,8,1,kNN,time(s),24.52521038,noselect,url_spam,na,2
12800,3200,8,1,kNN,time(s),23.61726594,noselect,url_spam,na,3
12800,3200,8,1,kNN,time(s),24.1321609,noselect,url_spam,na,4
12800,3200,8,1,kNN,time(s),22.78373265,noselect,url_spam,na,5
